specialty_risk,payer_strictness,plan_type_risk,is_biologic,is_high_risk_cpt,is_surgical,is_behavioral,is_oncology,log_total_requests,volume_tier,appeal_success_rate,high_appeal_reversal,days_standard,days_expedited,slow_payer,biologic_x_strict_payer,surgical_x_ma_plan,specialty_x_payer,year_norm,denial_rate,denied_flag,cpt_code,procedure_description,specialty,payer_name,plan_type,total_requests,approved,denied,appeal_success_rate
0.31,0.72,0.65,0,0,0,0,0,7.596392304064196,2,0.9651,1,1.9,0.7,0,0.0,0,0.22319999999999998,0.8,0.0436,0,99213,Office Visit - Established,E&M,UnitedHealthcare,MA,1990,1904,86,0.9651
0.31,0.61,0.65,0,0,0,0,0,6.834108738813838,1,1.1111,1,2.2,0.9,0,0.0,0,0.1891,0.8,0.0291,0,99213,Office Visit - Established,E&M,Humana,MA,928,901,27,1.1111
0.31,0.74,0.65,0,0,0,0,0,6.437751649736401,1,0.7,1,2.3,0.9,0,0.0,0,0.2294,0.8,0.0336,0,99213,Office Visit - Established,E&M,CVS/Aetna,MA,624,604,20,0.7
0.31,0.68,0.65,0,0,0,0,0,7.6511201757027,2,0.8028,1,2.3,0.6,0,0.0,0,0.21080000000000002,0.8,0.0341,0,99213,Office Visit - Established,E&M,Cigna,MA,2102,2031,71,0.8028
0.31,0.79,0.65,0,0,0,0,0,5.910796644040527,0,1.0667,1,2.4,1.0,0,0.0,0,0.2449,0.8,0.0426,0,99213,Office Visit - Established,E&M,Centene/WellCare,MA,368,353,15,1.0667
0.31,0.83,0.78,0,0,0,0,0,5.308267697401205,0,0.6667,1,3.6,1.0,0,0.0,0,0.2573,0.8,0.0481,0,99213,Office Visit - Established,E&M,Molina Healthcare,Medicaid,201,192,9,0.6667
0.31,0.59,0.65,0,0,0,0,0,6.280395838960195,1,0.8333,1,1.6,0.7,0,0.0,0,0.18289999999999998,0.8,0.0342,0,99213,Office Visit - Established,E&M,Anthem/Elevance,MA,533,515,18,0.8333
0.31,0.38,0.65,0,0,0,0,0,6.650279048587422,1,1.1429,1,1.1,0.5,0,0.0,0,0.1178,0.8,0.0186,0,99213,Office Visit - Established,E&M,Kaiser Permanente,MA,772,758,14,1.1429
0.31,0.56,0.65,0,0,0,0,0,7.251344983372214,2,0.7381,1,2.3,0.8,0,0.0,0,0.1736,0.8,0.0304,0,99213,Office Visit - Established,E&M,BCBS Plans,MA,1409,1367,42,0.7381
0.31,0.7,0.61,0,0,0,0,0,4.653960350157523,0,1.0,1,2.8,1.2,0,0.0,0,0.217,0.8,0.0435,0,99213,Office Visit - Established,E&M,Oscar Health,ACA,104,100,4,1.0
0.72,0.72,0.65,0,0,1,0,0,6.86171134048073,1,0.7321,1,2.7,0.8,0,0.0,1,0.5184,0.8,0.0592,0,27447,Total Knee Replacement,Orthopedic,UnitedHealthcare,MA,954,898,56,0.7321
0.72,0.61,0.65,0,0,1,0,0,6.639875833826536,1,0.8571,1,1.7,0.9,0,0.0,1,0.4392,0.8,0.0471,0,27447,Total Knee Replacement,Orthopedic,Humana,MA,764,729,35,0.8571
0.72,0.74,0.65,0,0,1,0,0,6.18826412308259,1,1.0,1,2.8,1.0,0,0.0,1,0.5327999999999999,0.8,0.0475,0,27447,Total Knee Replacement,Orthopedic,CVS/Aetna,MA,486,463,23,1.0
0.72,0.68,0.65,0,0,1,0,0,7.734121303328305,3,0.6328,1,2.0,0.6,0,0.0,1,0.48960000000000004,0.8,0.0564,0,27447,Total Knee Replacement,Orthopedic,Cigna,MA,2284,2156,128,0.6328
0.72,0.79,0.65,0,0,1,0,0,7.397561535524052,2,0.63,1,2.6,0.9,0,0.0,1,0.5688,0.8,0.0615,0,27447,Total Knee Replacement,Orthopedic,Centene/WellCare,MA,1631,1531,100,0.63
0.72,0.83,0.78,0,0,1,0,0,8.170751423757535,3,0.9283,1,4.1,1.2,0,0.0,0,0.5975999999999999,0.8,0.075,0,27447,Total Knee Replacement,Orthopedic,Molina Healthcare,Medicaid,3535,3270,265,0.9283
0.72,0.59,0.65,0,0,1,0,0,7.4342573821331355,2,0.8864,1,2.3,0.7,0,0.0,1,0.42479999999999996,0.8,0.0524,0,27447,Total Knee Replacement,Orthopedic,Anthem/Elevance,MA,1692,1604,88,0.8864
0.72,0.38,0.65,0,0,1,0,0,6.226536669287466,1,0.8125,1,1.0,0.4,0,0.0,1,0.2736,0.8,0.0326,0,27447,Total Knee Replacement,Orthopedic,Kaiser Permanente,MA,505,489,16,0.8125
0.72,0.56,0.65,0,0,1,0,0,7.1049654482698426,2,0.8627,1,2.3,0.6,0,0.0,1,0.4032,0.8,0.0425,0,27447,Total Knee Replacement,Orthopedic,BCBS Plans,MA,1217,1166,51,0.8627
0.72,0.7,0.61,0,0,1,0,0,6.642486801367256,1,0.9762,1,2.2,0.7,0,0.0,0,0.504,0.8,0.0561,0,27447,Total Knee Replacement,Orthopedic,Oscar Health,ACA,766,724,42,0.9762
0.72,0.72,0.65,0,0,1,0,0,6.030685260261263,0,1.0,1,2.5,1.0,0,0.0,1,0.5184,0.8,0.0614,0,27130,Total Hip Replacement,Orthopedic,UnitedHealthcare,MA,415,390,25,1.0
0.72,0.61,0.65,0,0,1,0,0,6.398594934535208,1,0.6897,1,2.5,0.8,0,0.0,1,0.4392,0.8,0.0489,0,27130,Total Hip Replacement,Orthopedic,Humana,MA,600,571,29,0.6897
0.72,0.74,0.65,0,0,1,0,0,6.159095388491933,0,0.8095,1,3.0,1.1,0,0.0,1,0.5327999999999999,0.8,0.0456,0,27130,Total Hip Replacement,Orthopedic,CVS/Aetna,MA,472,451,21,0.8095
0.72,0.68,0.65,0,0,1,0,0,6.608000625296087,1,0.8621,1,2.1,0.7,0,0.0,1,0.48960000000000004,0.8,0.0395,0,27130,Total Hip Replacement,Orthopedic,Cigna,MA,740,711,29,0.8621
0.72,0.79,0.65,0,0,1,0,0,6.588926477533519,1,0.766,1,2.9,1.2,0,0.0,1,0.5688,0.8,0.0653,0,27130,Total Hip Replacement,Orthopedic,Centene/WellCare,MA,726,679,47,0.766
0.72,0.83,0.78,0,0,1,0,0,6.037870919922137,0,1.08,1,4.3,1.1,0,0.0,0,0.5975999999999999,0.8,0.0598,0,27130,Total Hip Replacement,Orthopedic,Molina Healthcare,Medicaid,418,393,25,1.08
0.72,0.59,0.65,0,0,1,0,0,4.700480365792417,0,0.5,1,2.1,0.7,0,0.0,1,0.42479999999999996,0.8,0.0404,0,27130,Total Hip Replacement,Orthopedic,Anthem/Elevance,MA,109,105,4,0.5
0.72,0.38,0.65,0,0,1,0,0,6.968850378341948,1,0.7308,1,1.6,0.4,0,0.0,1,0.2736,0.8,0.0249,0,27130,Total Hip Replacement,Orthopedic,Kaiser Permanente,MA,1062,1036,26,0.7308
0.72,0.56,0.65,0,0,1,0,0,6.9584483932976555,1,0.7292,1,2.0,0.8,0,0.0,1,0.4032,0.8,0.0458,0,27130,Total Hip Replacement,Orthopedic,BCBS Plans,MA,1051,1003,48,0.7292
0.72,0.7,0.61,0,0,1,0,0,5.598421958998375,0,0.9167,1,2.4,1.0,0,0.0,0,0.504,0.8,0.0472,0,27130,Total Hip Replacement,Orthopedic,Oscar Health,ACA,269,257,12,0.9167
0.52,0.72,0.65,0,0,0,0,0,7.704361167910313,3,0.9724,1,2.1,0.7,0,0.0,0,0.3744,0.8,0.0656,0,70553,MRI Brain w/ contrast,Radiology,UnitedHealthcare,MA,2217,2072,145,0.9724
0.52,0.61,0.65,0,0,0,0,0,9.628590074443766,3,0.8536,1,2.3,0.5,0,0.0,0,0.3172,0.8,0.0531,0,70553,MRI Brain w/ contrast,Radiology,Humana,MA,15192,14386,806,0.8536
0.52,0.74,0.65,0,0,0,0,0,5.14166355650266,0,0.5833,1,2.8,0.9,0,0.0,0,0.38480000000000003,0.8,0.0712,0,70553,MRI Brain w/ contrast,Radiology,CVS/Aetna,MA,170,158,12,0.5833
0.52,0.68,0.65,0,0,0,0,0,7.0825485693553,2,0.6235,1,2.0,0.6,0,0.0,0,0.3536,0.8,0.0722,0,70553,MRI Brain w/ contrast,Radiology,Cigna,MA,1190,1105,85,0.6235
0.52,0.79,0.65,0,0,0,0,0,7.976251943745623,3,0.8333,1,2.9,0.9,0,0.0,0,0.41080000000000005,0.8,0.0867,0,70553,MRI Brain w/ contrast,Radiology,Centene/WellCare,MA,2910,2658,252,0.8333
0.52,0.83,0.78,0,0,0,0,0,5.5254529391317835,0,1.0,1,4.2,1.3,0,0.0,0,0.4316,0.8,0.0753,0,70553,MRI Brain w/ contrast,Radiology,Molina Healthcare,Medicaid,250,232,18,1.0
0.52,0.59,0.65,0,0,0,0,0,5.517452896464707,0,1.0,1,2.4,0.8,0,0.0,0,0.3068,0.8,0.0634,0,70553,MRI Brain w/ contrast,Radiology,Anthem/Elevance,MA,248,233,15,1.0
0.52,0.38,0.65,0,0,0,0,0,5.41610040220442,0,0.5556,1,1.1,0.6,0,0.0,0,0.1976,0.8,0.0413,0,70553,MRI Brain w/ contrast,Radiology,Kaiser Permanente,MA,224,215,9,0.5556
0.52,0.56,0.65,0,0,0,0,0,7.351799869057777,2,0.6389,1,1.9,0.8,0,0.0,0,0.2912,0.8,0.0468,0,70553,MRI Brain w/ contrast,Radiology,BCBS Plans,MA,1558,1486,72,0.6389
0.52,0.7,0.61,0,0,0,0,0,6.144185634125646,0,0.6471,1,2.9,0.8,0,0.0,0,0.364,0.8,0.0736,0,70553,MRI Brain w/ contrast,Radiology,Oscar Health,ACA,465,431,34,0.6471
0.61,0.72,0.65,0,0,0,0,0,8.39049553837028,3,1.0726,1,2.5,0.9,0,0.0,0,0.4392,0.8,0.0533,0,93306,Echocardiogram,Cardiology,UnitedHealthcare,MA,4404,4170,234,1.0726
0.61,0.61,0.65,0,0,0,0,0,6.016157159698354,0,0.8,1,1.8,0.6,0,0.0,0,0.3721,0.8,0.0369,0,93306,Echocardiogram,Cardiology,Humana,MA,409,394,15,0.8
0.61,0.74,0.65,0,0,0,0,0,6.907755278982137,1,0.9412,1,2.9,0.9,0,0.0,0,0.45139999999999997,0.8,0.052,0,93306,Echocardiogram,Cardiology,CVS/Aetna,MA,999,948,51,0.9412
0.61,0.68,0.65,0,0,0,0,0,7.409741954080923,2,0.8767,1,1.8,0.9,0,0.0,0,0.4148,0.8,0.0445,0,93306,Echocardiogram,Cardiology,Cigna,MA,1651,1578,73,0.8767
0.61,0.79,0.65,0,0,0,0,0,5.717027701406222,0,1.1111,1,3.5,1.0,0,0.0,0,0.4819,0.8,0.0611,0,93306,Echocardiogram,Cardiology,Centene/WellCare,MA,303,285,18,1.1111
0.61,0.83,0.78,0,0,0,0,0,7.579167967396076,2,1.1134,1,3.3,1.6,0,0.0,0,0.5063,0.8,0.05,0,93306,Echocardiogram,Cardiology,Molina Healthcare,Medicaid,1956,1859,97,1.1134
0.61,0.59,0.65,0,0,0,0,0,5.983936280687191,0,0.7647,1,1.6,0.7,0,0.0,0,0.3599,0.8,0.0448,0,93306,Echocardiogram,Cardiology,Anthem/Elevance,MA,396,379,17,0.7647
0.61,0.38,0.65,0,0,0,0,0,5.187385805840755,0,0.8,1,1.4,0.4,0,0.0,0,0.2318,0.8,0.0305,0,93306,Echocardiogram,Cardiology,Kaiser Permanente,MA,178,173,5,0.8
0.61,0.56,0.65,0,0,0,0,0,7.069874128458572,2,1.0,1,2.1,0.8,0,0.0,0,0.3416,0.8,0.0417,0,93306,Echocardiogram,Cardiology,BCBS Plans,MA,1175,1126,49,1.0
0.61,0.7,0.61,0,0,0,0,0,5.631211781821365,0,0.75,1,3.1,1.1,0,0.0,0,0.427,0.8,0.046,0,93306,Echocardiogram,Cardiology,Oscar Health,ACA,278,266,12,0.75
0.44,0.72,0.65,0,0,0,0,0,7.618251097876695,2,1.0167,1,2.6,1.0,0,0.0,0,0.31679999999999997,0.8,0.0296,0,45378,Colonoscopy,GI,UnitedHealthcare,MA,2034,1974,60,1.0167
0.44,0.61,0.65,0,0,0,0,0,11.623285462366317,3,0.8486,1,1.9,0.6,0,0.0,0,0.26839999999999997,0.8,0.025,0,45378,Colonoscopy,GI,Humana,MA,111667,108873,2794,0.8486
0.44,0.74,0.65,0,0,0,0,0,6.418364935936212,1,0.9333,1,2.2,1.0,0,0.0,0,0.3256,0.8,0.0245,0,45378,Colonoscopy,GI,CVS/Aetna,MA,612,597,15,0.9333
0.44,0.68,0.65,0,0,0,0,0,7.098375638590786,2,0.6667,1,2.6,0.7,0,0.0,0,0.2992,0.8,0.0199,0,45378,Colonoscopy,GI,Cigna,MA,1209,1185,24,0.6667
0.44,0.79,0.65,0,0,0,0,0,7.077498053569231,2,0.7778,1,3.1,0.8,0,0.0,0,0.3476,0.8,0.0311,0,45378,Colonoscopy,GI,Centene/WellCare,MA,1184,1148,36,0.7778
0.44,0.83,0.78,0,0,0,0,0,5.707110264748875,0,0.875,1,3.5,1.3,0,0.0,0,0.36519999999999997,0.8,0.027,0,45378,Colonoscopy,GI,Molina Healthcare,Medicaid,300,292,8,0.875
0.44,0.59,0.65,0,0,0,0,0,4.574710978503383,0,0.5,1,1.9,0.5,0,0.0,0,0.2596,0.8,0.0235,0,45378,Colonoscopy,GI,Anthem/Elevance,MA,96,94,2,0.5
0.44,0.38,0.65,0,0,0,0,0,7.22402480828583,2,1.1875,1,1.6,0.5,0,0.0,0,0.16720000000000002,0.8,0.0123,0,45378,Colonoscopy,GI,Kaiser Permanente,MA,1371,1355,16,1.1875
0.44,0.56,0.65,0,0,0,0,0,5.560681631015528,0,0.75,1,1.9,0.8,0,0.0,0,0.24640000000000004,0.8,0.0179,0,45378,Colonoscopy,GI,BCBS Plans,MA,259,255,4,0.75
0.44,0.7,0.61,0,0,0,0,0,6.5998704992128365,1,0.7895,1,3.3,1.1,0,0.0,0,0.308,0.8,0.0268,0,45378,Colonoscopy,GI,Oscar Health,ACA,734,715,19,0.7895
0.72,0.72,0.65,0,0,1,0,0,9.546598299920646,3,0.6108,1,2.1,1.0,0,0.0,1,0.5184,0.8,0.1029,0,27570,Manipulation under anesthesia,Orthopedic,UnitedHealthcare,MA,13996,12557,1439,0.6108
0.72,0.61,0.65,0,0,1,0,0,8.239065331769268,3,0.5536,1,1.6,0.6,0,0.0,1,0.4392,0.8,0.0742,0,27570,Manipulation under anesthesia,Orthopedic,Humana,MA,3785,3505,280,0.5536
0.72,0.74,0.65,0,0,1,0,0,7.532623618788788,2,0.5449,1,2.5,0.9,0,0.0,1,0.5327999999999999,0.8,0.0954,0,27570,Manipulation under anesthesia,Orthopedic,CVS/Aetna,MA,1867,1689,178,0.5449
0.72,0.68,0.65,0,0,1,0,0,7.929846429742503,3,0.6889,1,2.1,0.9,0,0.0,1,0.48960000000000004,0.8,0.0811,0,27570,Manipulation under anesthesia,Orthopedic,Cigna,MA,2778,2553,225,0.6889
0.72,0.79,0.65,0,0,1,0,0,6.472346294500901,1,0.7681,1,2.9,1.3,0,0.0,1,0.5688,0.8,0.1074,0,27570,Manipulation under anesthesia,Orthopedic,Centene/WellCare,MA,646,577,69,0.7681
0.72,0.83,0.78,0,0,1,0,0,7.1569563646156364,2,0.5741,1,2.6,1.3,0,0.0,0,0.5975999999999999,0.8,0.1267,0,27570,Manipulation under anesthesia,Orthopedic,Molina Healthcare,Medicaid,1282,1120,162,0.5741
0.72,0.59,0.65,0,0,1,0,0,7.084226422097916,2,0.75,1,1.9,0.8,0,0.0,1,0.42479999999999996,0.8,0.0948,0,27570,Manipulation under anesthesia,Orthopedic,Anthem/Elevance,MA,1192,1080,112,0.75
0.72,0.38,0.65,0,0,1,0,0,6.53813982376767,1,0.7368,1,1.6,0.4,0,0.0,1,0.2736,0.8,0.0551,0,27570,Manipulation under anesthesia,Orthopedic,Kaiser Permanente,MA,690,652,38,0.7368
0.72,0.56,0.65,0,0,1,0,0,7.337587743538596,2,0.6408,1,2.2,0.5,0,0.0,1,0.4032,0.8,0.0675,0,27570,Manipulation under anesthesia,Orthopedic,BCBS Plans,MA,1536,1433,103,0.6408
0.72,0.7,0.61,0,0,1,0,0,6.253828811575473,1,0.625,1,2.1,1.1,0,0.0,0,0.504,0.8,0.1086,0,27570,Manipulation under anesthesia,Orthopedic,Oscar Health,ACA,519,463,56,0.625
0.68,0.72,0.65,0,0,0,1,0,8.07961802938984,3,0.9193,1,2.0,0.7,0,0.0,0,0.48960000000000004,0.8,0.0692,0,90837,Psychotherapy 60 min,Behavioral,UnitedHealthcare,MA,3227,3004,223,0.9193
0.68,0.61,0.65,0,0,0,1,0,7.368970402194793,2,0.9222,1,2.6,0.7,0,0.0,0,0.4148,0.8,0.0572,0,90837,Psychotherapy 60 min,Behavioral,Humana,MA,1585,1495,90,0.9222
0.68,0.74,0.65,0,0,0,1,0,8.533263371593732,3,0.9789,1,3.0,0.9,0,0.0,0,0.5032,0.8,0.0561,0,90837,Psychotherapy 60 min,Behavioral,CVS/Aetna,MA,5080,4796,284,0.9789
0.68,0.68,0.65,0,0,0,1,0,6.29156913955832,1,0.871,1,1.7,1.0,0,0.0,0,0.4624000000000001,0.8,0.0592,0,90837,Psychotherapy 60 min,Behavioral,Cigna,MA,539,508,31,0.871
0.68,0.79,0.65,0,0,0,1,0,8.566744970245486,3,0.9646,1,2.7,0.7,0,0.0,0,0.5372,0.8,0.0647,0,90837,Psychotherapy 60 min,Behavioral,Centene/WellCare,MA,5253,4914,339,0.9646
0.68,0.83,0.78,0,0,0,1,0,7.025538314638521,2,0.5806,1,3.1,1.6,0,0.0,0,0.5644,0.8,0.0831,0,90837,Psychotherapy 60 min,Behavioral,Molina Healthcare,Medicaid,1124,1031,93,0.5806
0.68,0.59,0.65,0,0,0,1,0,7.117205503164344,2,0.7538,1,1.8,0.6,0,0.0,0,0.4012,0.8,0.0533,0,90837,Psychotherapy 60 min,Behavioral,Anthem/Elevance,MA,1232,1167,65,0.7538
0.68,0.38,0.65,0,0,0,1,0,7.7142311448490855,3,0.8875,1,1.5,0.6,0,0.0,0,0.2584,0.8,0.036,0,90837,Psychotherapy 60 min,Behavioral,Kaiser Permanente,MA,2239,2159,80,0.8875
0.68,0.56,0.65,0,0,0,1,0,6.985641817639208,1,0.7955,1,1.8,0.8,0,0.0,0,0.3808000000000001,0.8,0.0412,0,90837,Psychotherapy 60 min,Behavioral,BCBS Plans,MA,1080,1036,44,0.7955
0.68,0.7,0.61,0,0,0,1,0,5.924255797414532,0,0.5714,1,2.1,1.1,0,0.0,0,0.476,0.8,0.0581,0,90837,Psychotherapy 60 min,Behavioral,Oscar Health,ACA,373,352,21,0.5714
0.76,0.72,0.65,0,0,0,0,0,6.013715156042802,0,0.7576,1,1.8,1.0,0,0.0,0,0.5472,0.8,0.0833,0,96365,IV infusion therapy,Infusion,UnitedHealthcare,MA,408,375,33,0.7576
0.76,0.61,0.65,0,0,0,0,0,7.293017679772782,2,0.5164,1,1.6,1.0,0,0.0,0,0.4636,0.8,0.0833,0,96365,IV infusion therapy,Infusion,Humana,MA,1469,1347,122,0.5164
0.76,0.74,0.65,0,0,0,0,0,5.262690188904886,0,0.8333,1,3.2,1.1,0,0.0,0,0.5624,0.8,0.0949,0,96365,IV infusion therapy,Infusion,CVS/Aetna,MA,192,174,18,0.8333
0.76,0.68,0.65,0,0,0,0,0,5.313205979041787,0,0.4667,1,2.5,0.8,0,0.0,0,0.5168,0.8,0.0782,0,96365,IV infusion therapy,Infusion,Cigna,MA,202,187,15,0.4667
0.76,0.79,0.65,0,0,0,0,0,8.029432840581244,3,0.685,1,2.1,1.0,0,0.0,0,0.6004,0.8,0.089,0,96365,IV infusion therapy,Infusion,Centene/WellCare,MA,3069,2796,273,0.685
0.76,0.83,0.78,0,0,0,0,0,6.80903930604298,1,0.5294,1,2.7,1.4,0,0.0,0,0.6308,0.8,0.0947,0,96365,IV infusion therapy,Infusion,Molina Healthcare,Medicaid,905,820,85,0.5294
0.76,0.59,0.65,0,0,0,0,0,7.6236419465115715,2,0.6364,1,1.7,0.9,0,0.0,0,0.44839999999999997,0.8,0.0861,0,96365,IV infusion therapy,Infusion,Anthem/Elevance,MA,2045,1869,176,0.6364
0.76,0.38,0.65,0,0,0,0,0,8.839421607620602,3,0.8805,1,1.0,0.6,0,0.0,0,0.2888,0.8,0.0462,0,96365,IV infusion therapy,Infusion,Kaiser Permanente,MA,6900,6582,318,0.8805
0.76,0.56,0.65,0,0,0,0,0,7.268920128193722,2,0.7011,1,2.3,0.7,0,0.0,0,0.42560000000000003,0.8,0.061,0,96365,IV infusion therapy,Infusion,BCBS Plans,MA,1434,1347,87,0.7011
0.76,0.7,0.61,0,0,0,0,0,7.01571242048723,2,0.767,1,2.6,1.0,0,0.0,0,0.5319999999999999,0.8,0.0931,0,96365,IV infusion therapy,Infusion,Oscar Health,ACA,1113,1010,103,0.767
0.91,0.72,0.65,1,1,0,0,0,8.046869510959576,3,0.5377,1,2.9,1.0,0,0.72,0,0.6552,0.8,0.1233,0,J0129,Abatacept injection,Rheumatology,UnitedHealthcare,MA,3123,2738,385,0.5377
0.91,0.61,0.65,1,1,0,0,0,7.220373836723949,2,0.6646,1,1.8,0.6,0,0.61,0,0.5551,0.8,0.116,0,J0129,Abatacept injection,Rheumatology,Humana,MA,1366,1208,158,0.6646
0.91,0.74,0.65,1,1,0,0,0,4.454347296253507,0,0.4545,1,3.2,1.2,0,0.74,0,0.6734,0.8,0.1335,0,J0129,Abatacept injection,Rheumatology,CVS/Aetna,MA,85,74,11,0.4545
0.91,0.68,0.65,1,1,0,0,0,6.369900982828227,1,0.6267,1,2.0,1.0,0,0.68,0,0.6188,0.8,0.129,0,J0129,Abatacept injection,Rheumatology,Cigna,MA,583,508,75,0.6267
0.91,0.79,0.65,1,1,0,0,0,5.924255797414532,0,0.7302,1,3.6,1.2,0,0.79,0,0.7189000000000001,0.8,0.1698,0,J0129,Abatacept injection,Rheumatology,Centene/WellCare,MA,373,310,63,0.7302
0.91,0.83,0.78,1,1,0,0,0,7.590346945602565,2,0.5881,1,4.2,1.5,0,0.83,0,0.7553,0.8,0.1694,0,J0129,Abatacept injection,Rheumatology,Molina Healthcare,Medicaid,1978,1643,335,0.5881
0.91,0.59,0.65,1,1,0,0,0,8.415381925269553,3,0.4898,1,2.1,0.7,0,0.59,0,0.5369,0.8,0.13,0,J0129,Abatacept injection,Rheumatology,Anthem/Elevance,MA,4515,3929,586,0.4898
0.91,0.38,0.65,1,1,0,0,0,6.437751649736401,1,0.7358,1,1.6,0.5,0,0.38,0,0.3458,0.8,0.0863,0,J0129,Abatacept injection,Rheumatology,Kaiser Permanente,MA,624,571,53,0.7358
0.91,0.56,0.65,1,1,0,0,0,5.087596335232384,0,0.7143,1,2.2,0.9,0,0.56,0,0.5096,0.8,0.091,0,J0129,Abatacept injection,Rheumatology,BCBS Plans,MA,161,147,14,0.7143
0.91,0.7,0.61,1,1,0,0,0,6.282266746896006,1,0.6341,1,3.0,1.2,0,0.7,0,0.637,0.8,0.1544,0,J0129,Abatacept injection,Rheumatology,Oscar Health,ACA,534,452,82,0.6341
0.91,0.72,0.65,1,1,0,0,0,6.461468176353717,1,0.4574,1,2.9,0.9,0,0.72,0,0.6552,0.8,0.1474,0,J0717,Certolizumab injection,Rheumatology,UnitedHealthcare,MA,639,545,94,0.4574
0.91,0.61,0.65,1,1,0,0,0,7.7475968386928855,3,0.6475,1,2.2,0.7,0,0.61,0,0.5551,0.8,0.1132,0,J0717,Certolizumab injection,Rheumatology,Humana,MA,2315,2054,261,0.6475
0.91,0.74,0.65,1,1,0,0,0,7.3987862754199485,2,0.683,1,2.6,1.1,0,0.74,0,0.6734,0.8,0.1372,0,J0717,Certolizumab injection,Rheumatology,CVS/Aetna,MA,1633,1409,224,0.683
0.91,0.68,0.65,1,1,0,0,0,6.102558594613569,0,0.5965,1,2.7,0.8,0,0.68,0,0.6188,0.8,0.1296,0,J0717,Certolizumab injection,Rheumatology,Cigna,MA,446,389,57,0.5965
0.91,0.79,0.65,1,1,0,0,0,7.77485576666552,3,0.4862,1,2.3,0.7,0,0.79,0,0.7189000000000001,0.8,0.1681,0,J0717,Certolizumab injection,Rheumatology,Centene/WellCare,MA,2379,1980,399,0.4862
0.91,0.83,0.78,1,1,0,0,0,8.64241515616962,3,0.6218,1,3.2,1.2,0,0.83,0,0.7553,0.8,0.1639,0,J0717,Certolizumab injection,Rheumatology,Molina Healthcare,Medicaid,5666,4738,928,0.6218
0.91,0.59,0.65,1,1,0,0,0,6.677083461247136,1,0.6809,1,1.9,0.8,0,0.59,0,0.5369,0.8,0.1193,0,J0717,Certolizumab injection,Rheumatology,Anthem/Elevance,MA,793,699,94,0.6809
0.91,0.38,0.65,1,1,0,0,0,7.861341795599989,3,0.7489,1,1.1,0.6,0,0.38,0,0.3458,0.8,0.0878,0,J0717,Certolizumab injection,Rheumatology,Kaiser Permanente,MA,2594,2367,227,0.7489
0.91,0.56,0.65,1,1,0,0,0,4.962844630259907,0,0.7333,1,1.9,0.6,0,0.56,0,0.5096,0.8,0.1087,0,J0717,Certolizumab injection,Rheumatology,BCBS Plans,MA,142,127,15,0.7333
0.91,0.7,0.61,1,1,0,0,0,6.933423025730715,1,0.4933,1,2.0,0.7,0,0.7,0,0.637,0.8,0.1464,0,J0717,Certolizumab injection,Rheumatology,Oscar Health,ACA,1025,875,150,0.4933
0.91,0.72,0.65,1,1,0,0,0,7.440146680662688,2,0.5882,1,2.8,0.8,0,0.72,0,0.6552,0.8,0.1199,0,J0135,Adalimumab injection,Rheumatology,UnitedHealthcare,MA,1702,1498,204,0.5882
0.91,0.61,0.65,1,1,0,0,0,5.87493073085203,0,0.5,1,1.7,0.6,0,0.61,0,0.5551,0.8,0.1147,0,J0135,Adalimumab injection,Rheumatology,Humana,MA,355,315,40,0.5
0.91,0.74,0.65,1,1,0,0,0,6.364750756851911,1,0.4762,1,2.0,0.9,0,0.74,0,0.6734,0.8,0.1092,0,J0135,Adalimumab injection,Rheumatology,CVS/Aetna,MA,580,517,63,0.4762
0.91,0.68,0.65,1,1,0,0,0,6.049733455231958,0,0.5814,1,2.2,0.9,0,0.68,0,0.6188,0.8,0.1031,0,J0135,Adalimumab injection,Rheumatology,Cigna,MA,423,380,43,0.5814
0.91,0.79,0.65,1,1,0,0,0,6.161207321695077,0,0.8082,1,2.2,0.9,0,0.79,0,0.7189000000000001,0.8,0.1561,0,J0135,Adalimumab injection,Rheumatology,Centene/WellCare,MA,473,400,73,0.8082
0.91,0.83,0.78,1,1,0,0,0,7.257002707092073,2,0.7447,1,2.8,1.0,0,0.83,0,0.7553,0.8,0.1661,0,J0135,Adalimumab injection,Rheumatology,Molina Healthcare,Medicaid,1417,1182,235,0.7447
0.91,0.59,0.65,1,1,0,0,0,6.670766320845874,1,0.5882,1,1.9,0.8,0,0.59,0,0.5369,0.8,0.109,0,J0135,Adalimumab injection,Rheumatology,Anthem/Elevance,MA,788,703,85,0.5882
0.91,0.38,0.65,1,1,0,0,0,4.248495242049359,0,0.5,1,1.5,0.6,0,0.38,0,0.3458,0.8,0.0604,0,J0135,Adalimumab injection,Rheumatology,Kaiser Permanente,MA,69,65,4,0.5
0.91,0.56,0.65,1,1,0,0,0,10.69466847336744,3,0.6294,1,1.9,0.6,0,0.56,0,0.5096,0.8,0.086,0,J0135,Adalimumab injection,Rheumatology,BCBS Plans,MA,44119,40325,3794,0.6294
0.91,0.7,0.61,1,1,0,0,0,8.343553835005117,3,0.6004,1,1.9,0.9,0,0.7,0,0.637,0.8,0.1162,0,J0135,Adalimumab injection,Rheumatology,Oscar Health,ACA,4202,3714,488,0.6004
0.72,0.72,0.65,0,0,1,0,0,6.22455842927536,1,1.0625,1,2.4,0.9,0,0.0,1,0.5184,0.8,0.0331,0,20610,Joint injection,Orthopedic,UnitedHealthcare,MA,504,488,16,1.0625
0.72,0.61,0.65,0,0,1,0,0,5.703782474656201,0,0.9,1,1.6,0.8,0,0.0,1,0.4392,0.8,0.0335,0,20610,Joint injection,Orthopedic,Humana,MA,299,289,10,0.9
0.72,0.74,0.65,0,0,1,0,0,8.82776136765472,3,0.7048,1,2.2,0.8,0,0.0,1,0.5327999999999999,0.8,0.0334,0,20610,Joint injection,Orthopedic,CVS/Aetna,MA,6820,6593,227,0.7048
0.72,0.68,0.65,0,0,1,0,0,7.646831391430482,2,0.942,1,2.0,1.0,0,0.0,1,0.48960000000000004,0.8,0.0333,0,20610,Joint injection,Orthopedic,Cigna,MA,2093,2024,69,0.942
0.72,0.79,0.65,0,0,1,0,0,5.3230099791384085,0,0.7143,1,2.5,0.8,0,0.0,1,0.5688,0.8,0.0349,0,20610,Joint injection,Orthopedic,Centene/WellCare,MA,204,197,7,0.7143
0.72,0.83,0.78,0,0,1,0,0,7.6760099320288875,2,0.7831,1,2.8,1.5,0,0.0,0,0.5975999999999999,0.8,0.0389,0,20610,Joint injection,Orthopedic,Molina Healthcare,Medicaid,2155,2072,83,0.7831
0.72,0.59,0.65,0,0,1,0,0,7.0587581525186645,2,1.1515,1,1.6,0.7,0,0.0,1,0.42479999999999996,0.8,0.0289,0,20610,Joint injection,Orthopedic,Anthem/Elevance,MA,1162,1129,33,1.1515
0.72,0.38,0.65,0,0,1,0,0,6.003887067106539,0,1.0,1,1.5,0.4,0,0.0,1,0.2736,0.8,0.0226,0,20610,Joint injection,Orthopedic,Kaiser Permanente,MA,404,395,9,1.0
0.72,0.56,0.65,0,0,1,0,0,7.601402334583733,2,0.9355,1,1.9,0.6,0,0.0,1,0.4032,0.8,0.031,0,20610,Joint injection,Orthopedic,BCBS Plans,MA,2000,1938,62,0.9355
0.72,0.7,0.61,0,0,1,0,0,5.8289456176102075,0,0.6667,1,2.4,0.9,0,0.0,0,0.504,0.8,0.038,0,20610,Joint injection,Orthopedic,Oscar Health,ACA,339,327,12,0.6667
0.79,0.72,0.65,0,0,1,0,0,5.049856007249537,0,0.8182,1,2.0,0.9,0,0.0,1,0.5688,0.8,0.0722,0,64483,Epidural steroid injection,Pain Mgmt,UnitedHealthcare,MA,155,144,11,0.8182
0.79,0.61,0.65,0,0,1,0,0,7.057897937411856,2,0.7681,1,2.1,0.6,0,0.0,1,0.4819,0.8,0.0602,0,64483,Epidural steroid injection,Pain Mgmt,Humana,MA,1161,1092,69,0.7681
0.79,0.74,0.65,0,0,1,0,0,5.968707559985366,0,1.0,1,2.3,1.1,0,0.0,1,0.5846,0.8,0.0647,0,64483,Epidural steroid injection,Pain Mgmt,CVS/Aetna,MA,390,365,25,1.0
0.79,0.68,0.65,0,0,1,0,0,6.539585955617669,1,0.8636,1,2.5,0.8,0,0.0,1,0.5372,0.8,0.0645,0,64483,Epidural steroid injection,Pain Mgmt,Cigna,MA,691,647,44,0.8636
0.79,0.79,0.65,0,0,1,0,0,4.04305126783455,0,0.75,1,3.4,1.3,0,0.0,1,0.6241000000000001,0.8,0.0825,0,64483,Epidural steroid injection,Pain Mgmt,Centene/WellCare,MA,56,52,4,0.75
0.79,0.83,0.78,0,0,1,0,0,6.045005314036012,0,0.8824,1,4.2,1.0,0,0.0,0,0.6557,0.8,0.0831,0,64483,Epidural steroid injection,Pain Mgmt,Molina Healthcare,Medicaid,421,387,34,0.8824
0.79,0.59,0.65,0,0,1,0,0,7.104144092987527,2,0.95,1,1.6,0.8,0,0.0,1,0.4661,0.8,0.0662,0,64483,Epidural steroid injection,Pain Mgmt,Anthem/Elevance,MA,1216,1136,80,0.95
0.79,0.38,0.65,0,0,1,0,0,6.813444599510896,1,0.6286,1,1.1,0.6,0,0.0,1,0.3002,0.8,0.0393,0,64483,Epidural steroid injection,Pain Mgmt,Kaiser Permanente,MA,909,874,35,0.6286
0.79,0.56,0.65,0,0,1,0,0,7.347943823148687,2,0.9663,1,1.8,0.8,0,0.0,1,0.44240000000000007,0.8,0.0575,0,64483,Epidural steroid injection,Pain Mgmt,BCBS Plans,MA,1552,1463,89,0.9663
0.79,0.7,0.61,0,0,1,0,0,9.490544554572004,3,0.7312,1,2.6,0.8,0,0.0,0,0.5529999999999999,0.8,0.0754,0,64483,Epidural steroid injection,Pain Mgmt,Oscar Health,ACA,13233,12236,997,0.7312
0.44,0.72,0.65,0,0,0,0,0,7.022868086082641,2,1.1111,1,2.2,0.9,0,0.0,0,0.31679999999999997,0.8,0.0406,0,43239,Upper GI endoscopy w/ biopsy,GI,UnitedHealthcare,MA,1121,1076,45,1.1111
0.44,0.61,0.65,0,0,0,0,0,9.011767474596178,3,0.9671,1,1.7,1.0,0,0.0,0,0.26839999999999997,0.8,0.0408,0,43239,Upper GI endoscopy w/ biopsy,GI,Humana,MA,8198,7864,334,0.9671
0.44,0.74,0.65,0,0,0,0,0,5.225746673713202,0,1.0,1,2.7,0.9,0,0.0,0,0.3256,0.8,0.0359,0,43239,Upper GI endoscopy w/ biopsy,GI,CVS/Aetna,MA,185,179,6,1.0
0.44,0.68,0.65,0,0,0,0,0,8.372629740224884,3,1.0549,1,1.8,0.7,0,0.0,0,0.2992,0.8,0.0422,0,43239,Upper GI endoscopy w/ biopsy,GI,Cigna,MA,4326,4144,182,1.0549
0.44,0.79,0.65,0,0,0,0,0,7.9966538754626075,3,0.9328,1,3.3,1.3,0,0.0,0,0.3476,0.8,0.0403,0,43239,Upper GI endoscopy w/ biopsy,GI,Centene/WellCare,MA,2970,2851,119,0.9328
0.44,0.83,0.78,0,0,0,0,0,5.973809611869261,0,1.0556,1,2.7,1.5,0,0.0,0,0.36519999999999997,0.8,0.0483,0,43239,Upper GI endoscopy w/ biopsy,GI,Molina Healthcare,Medicaid,392,374,18,1.0556
0.44,0.59,0.65,0,0,0,0,0,6.677083461247136,1,0.7,1,1.7,0.8,0,0.0,0,0.2596,0.8,0.0382,0,43239,Upper GI endoscopy w/ biopsy,GI,Anthem/Elevance,MA,793,763,30,0.7
0.44,0.38,0.65,0,0,0,0,0,5.82600010738045,0,0.875,1,1.5,0.5,0,0.0,0,0.16720000000000002,0.8,0.0249,0,43239,Upper GI endoscopy w/ biopsy,GI,Kaiser Permanente,MA,338,330,8,0.875
0.44,0.56,0.65,0,0,0,0,0,6.073044534100405,0,1.0833,1,2.0,0.6,0,0.0,0,0.24640000000000004,0.8,0.0294,0,43239,Upper GI endoscopy w/ biopsy,GI,BCBS Plans,MA,433,421,12,1.0833
0.44,0.7,0.61,0,0,0,0,0,5.5093883366279774,0,1.1,1,2.1,1.0,0,0.0,0,0.308,0.8,0.0411,0,43239,Upper GI endoscopy w/ biopsy,GI,Oscar Health,ACA,246,236,10,1.1
0.52,0.72,0.65,0,0,0,0,0,9.934937768809375,3,1.1722,1,2.9,0.9,0,0.0,0,0.3744,0.8,0.0175,0,71046,Chest X-Ray 2 views,Radiology,UnitedHealthcare,MA,20638,20278,360,1.1722
0.52,0.61,0.65,0,0,0,0,0,7.155396301896734,2,1.1818,1,2.3,0.6,0,0.0,0,0.3172,0.8,0.0178,0,71046,Chest X-Ray 2 views,Radiology,Humana,MA,1280,1258,22,1.1818
0.52,0.74,0.65,0,0,0,0,0,9.25846364715791,3,1.0947,1,3.1,1.2,0,0.0,0,0.38480000000000003,0.8,0.0182,0,71046,Chest X-Ray 2 views,Radiology,CVS/Aetna,MA,10492,10302,190,1.0947
0.52,0.68,0.65,0,0,0,0,0,8.614682812693495,3,0.734,1,2.8,1.0,0,0.0,0,0.3536,0.8,0.0171,0,71046,Chest X-Ray 2 views,Radiology,Cigna,MA,5511,5417,94,0.734
0.52,0.79,0.65,0,0,0,0,0,7.067319848653476,2,0.8846,1,2.2,0.9,0,0.0,0,0.41080000000000005,0.8,0.0222,0,71046,Chest X-Ray 2 views,Radiology,Centene/WellCare,MA,1172,1146,26,0.8846
0.52,0.83,0.78,0,0,0,0,0,8.313116702819253,3,0.6731,1,3.1,1.2,0,0.0,0,0.4316,0.8,0.0255,0,71046,Chest X-Ray 2 views,Radiology,Molina Healthcare,Medicaid,4076,3972,104,0.6731
0.52,0.59,0.65,0,0,0,0,0,7.987864096085687,3,0.8667,1,2.2,0.7,0,0.0,0,0.3068,0.8,0.0155,0,71046,Chest X-Ray 2 views,Radiology,Anthem/Elevance,MA,2944,2899,45,0.8667
0.52,0.38,0.65,0,0,0,0,0,7.088408778675395,2,0.9091,1,1.1,0.4,0,0.0,0,0.1976,0.8,0.0099,0,71046,Chest X-Ray 2 views,Radiology,Kaiser Permanente,MA,1197,1186,11,0.9091
0.52,0.56,0.65,0,0,0,0,0,3.784189633918261,0,0.0,0,2.0,0.7,0,0.0,0,0.2912,0.8,0.0169,0,71046,Chest X-Ray 2 views,Radiology,BCBS Plans,MA,43,43,0,0.0
0.52,0.7,0.61,0,0,0,0,0,6.93537044601511,1,1.0,1,2.2,1.2,0,0.0,0,0.364,0.8,0.0164,0,71046,Chest X-Ray 2 views,Radiology,Oscar Health,ACA,1027,1011,16,1.0
0.52,0.72,0.65,0,0,0,0,0,6.678342114654332,1,1.1,1,2.3,0.9,0,0.0,0,0.3744,0.8,0.0506,0,70450,CT Head w/o contrast,Radiology,UnitedHealthcare,MA,794,754,40,1.1
0.52,0.61,0.65,0,0,0,0,0,5.673323267171493,0,0.9167,1,1.8,0.9,0,0.0,0,0.3172,0.8,0.0414,0,70450,CT Head w/o contrast,Radiology,Humana,MA,290,278,12,0.9167
0.52,0.74,0.65,0,0,0,0,0,6.311734809152915,1,0.8333,1,2.6,0.7,0,0.0,0,0.38480000000000003,0.8,0.0454,0,70450,CT Head w/o contrast,Radiology,CVS/Aetna,MA,550,526,24,0.8333
0.52,0.68,0.65,0,0,0,0,0,6.343880434126331,1,0.8,1,2.2,0.8,0,0.0,0,0.3536,0.8,0.0534,0,70450,CT Head w/o contrast,Radiology,Cigna,MA,568,538,30,0.8
0.52,0.79,0.65,0,0,0,0,0,8.495356496807062,3,0.6866,1,3.4,1.3,0,0.0,0,0.41080000000000005,0.8,0.0549,0,70450,CT Head w/o contrast,Radiology,Centene/WellCare,MA,4891,4623,268,0.6866
0.52,0.83,0.78,0,0,0,0,0,4.5217885770490405,0,0.6,1,3.7,1.2,0,0.0,0,0.4316,0.8,0.0638,0,70450,CT Head w/o contrast,Radiology,Molina Healthcare,Medicaid,91,86,5,0.6
0.52,0.59,0.65,0,0,0,0,0,8.12296471523406,3,0.7045,1,1.7,0.8,0,0.0,0,0.3068,0.8,0.0394,0,70450,CT Head w/o contrast,Radiology,Anthem/Elevance,MA,3370,3238,132,0.7045
0.52,0.38,0.65,0,0,0,0,0,8.52595469708481,3,0.6439,1,1.5,0.4,0,0.0,0,0.1976,0.8,0.0262,0,70450,CT Head w/o contrast,Radiology,Kaiser Permanente,MA,5043,4911,132,0.6439
0.52,0.56,0.65,0,0,0,0,0,5.537334267018537,0,0.6667,1,2.1,0.8,0,0.0,0,0.2912,0.8,0.0374,0,70450,CT Head w/o contrast,Radiology,BCBS Plans,MA,253,244,9,0.6667
0.52,0.7,0.61,0,0,0,0,0,7.855932199718614,3,0.7922,1,2.9,0.8,0,0.0,0,0.364,0.8,0.0598,0,70450,CT Head w/o contrast,Radiology,Oscar Health,ACA,2580,2426,154,0.7922
0.52,0.72,0.65,0,0,0,0,0,7.711996507047669,3,0.6202,1,1.9,0.6,0,0.0,0,0.3744,0.8,0.0581,0,73721,MRI Knee,Radiology,UnitedHealthcare,MA,2234,2105,129,0.6202
0.52,0.61,0.65,0,0,0,0,0,6.6293632534374485,1,0.8684,1,2.0,0.9,0,0.0,0,0.3172,0.8,0.0506,0,73721,MRI Knee,Radiology,Humana,MA,756,718,38,0.8684
0.52,0.74,0.65,0,0,0,0,0,6.373319789577012,1,0.7576,1,2.7,0.8,0,0.0,0,0.38480000000000003,0.8,0.0575,0,73721,MRI Knee,Radiology,CVS/Aetna,MA,585,552,33,0.7576
0.52,0.68,0.65,0,0,0,0,0,8.258940462988459,3,0.7845,1,2.3,0.8,0,0.0,0,0.3536,0.8,0.0602,0,73721,MRI Knee,Radiology,Cigna,MA,3861,3629,232,0.7845
0.52,0.79,0.65,0,0,0,0,0,7.253470382684528,2,0.6422,1,3.4,1.0,0,0.0,0,0.41080000000000005,0.8,0.0777,0,73721,MRI Knee,Radiology,Centene/WellCare,MA,1412,1303,109,0.6422
0.52,0.83,0.78,0,0,0,0,0,6.884486652042782,1,0.9765,1,3.3,0.9,0,0.0,0,0.4316,0.8,0.0872,0,73721,MRI Knee,Radiology,Molina Healthcare,Medicaid,976,891,85,0.9765
0.52,0.59,0.65,0,0,0,0,0,7.369600720526409,2,0.7079,1,1.6,0.9,0,0.0,0,0.3068,0.8,0.0562,0,73721,MRI Knee,Radiology,Anthem/Elevance,MA,1586,1497,89,0.7079
0.52,0.38,0.65,0,0,0,0,0,4.948759890378168,0,0.8,1,1.1,0.4,0,0.0,0,0.1976,0.8,0.0412,0,73721,MRI Knee,Radiology,Kaiser Permanente,MA,140,135,5,0.8
0.52,0.56,0.65,0,0,0,0,0,7.23561914106675,2,0.8438,1,2.0,0.8,0,0.0,0,0.2912,0.8,0.0466,0,73721,MRI Knee,Radiology,BCBS Plans,MA,1387,1323,64,0.8438
0.52,0.7,0.61,0,0,0,0,0,5.82600010738045,0,0.5789,1,2.1,1.2,0,0.0,0,0.364,0.8,0.0584,0,73721,MRI Knee,Radiology,Oscar Health,ACA,338,319,19,0.5789
0.72,0.72,0.65,0,0,1,0,0,7.307872780763706,2,1.0,1,1.9,1.0,0,0.0,1,0.5184,0.8,0.049,0,27245,Surgical repair femoral fracture,Orthopedic,UnitedHealthcare,MA,1491,1418,73,1.0
0.72,0.61,0.65,0,0,1,0,0,8.17948018535889,3,0.8456,1,2.1,0.6,0,0.0,1,0.4392,0.8,0.0382,0,27245,Surgical repair femoral fracture,Orthopedic,Humana,MA,3566,3430,136,0.8456
0.72,0.74,0.65,0,0,1,0,0,7.621195162809845,2,0.961,1,2.2,0.9,0,0.0,1,0.5327999999999999,0.8,0.038,0,27245,Surgical repair femoral fracture,Orthopedic,CVS/Aetna,MA,2040,1963,77,0.961
0.72,0.68,0.65,0,0,1,0,0,6.131226489483141,0,0.8235,1,2.5,0.7,0,0.0,1,0.48960000000000004,0.8,0.038,0,27245,Surgical repair femoral fracture,Orthopedic,Cigna,MA,459,442,17,0.8235
0.72,0.79,0.65,0,0,1,0,0,5.860786223465865,0,1.1111,1,3.2,0.9,0,0.0,1,0.5688,0.8,0.0529,0,27245,Surgical repair femoral fracture,Orthopedic,Centene/WellCare,MA,350,332,18,1.1111
0.72,0.83,0.78,0,0,1,0,0,10.158865933983696,3,0.7795,1,3.6,0.9,0,0.0,0,0.5975999999999999,0.8,0.0469,0,27245,Surgical repair femoral fracture,Orthopedic,Molina Healthcare,Medicaid,25818,24607,1211,0.7795
0.72,0.59,0.65,0,0,1,0,0,10.072132678513839,3,1.0576,1,1.6,0.5,0,0.0,1,0.42479999999999996,0.8,0.0359,0,27245,Surgical repair femoral fracture,Orthopedic,Anthem/Elevance,MA,23673,22823,850,1.0576
0.72,0.38,0.65,0,0,1,0,0,6.885509670034818,1,0.8846,1,1.5,0.5,0,0.0,1,0.2736,0.8,0.0269,0,27245,Surgical repair femoral fracture,Orthopedic,Kaiser Permanente,MA,977,951,26,0.8846
0.72,0.56,0.65,0,0,1,0,0,7.849323818040561,3,1.0103,1,1.6,0.7,0,0.0,1,0.4032,0.8,0.0381,0,27245,Surgical repair femoral fracture,Orthopedic,BCBS Plans,MA,2563,2466,97,1.0103
0.72,0.7,0.61,0,0,1,0,0,6.326149473155099,1,0.6522,1,3.2,0.8,0,0.0,0,0.504,0.8,0.0429,0,27245,Surgical repair femoral fracture,Orthopedic,Oscar Health,ACA,558,535,23,0.6522
0.44,0.72,0.65,0,0,0,0,0,6.910750787961936,1,0.8281,1,2.8,1.0,0,0.0,0,0.31679999999999997,0.8,0.0647,0,43270,Esophageal dilation,GI,UnitedHealthcare,MA,1002,938,64,0.8281
0.44,0.61,0.65,0,0,0,0,0,7.745002803515839,3,0.8919,1,2.3,0.9,0,0.0,0,0.26839999999999997,0.8,0.0642,0,43270,Esophageal dilation,GI,Humana,MA,2309,2161,148,0.8919
0.44,0.74,0.65,0,0,0,0,0,6.9167150203536085,1,1.05,1,3.1,0.7,0,0.0,0,0.3256,0.8,0.0597,0,43270,Esophageal dilation,GI,CVS/Aetna,MA,1008,948,60,1.05
0.44,0.68,0.65,0,0,0,0,0,5.0106352940962555,0,1.0,1,1.8,0.8,0,0.0,0,0.2992,0.8,0.0647,0,43270,Esophageal dilation,GI,Cigna,MA,149,140,9,1.0
0.44,0.79,0.65,0,0,0,0,0,5.703782474656201,0,1.04,1,3.6,1.0,0,0.0,0,0.3476,0.8,0.0852,0,43270,Esophageal dilation,GI,Centene/WellCare,MA,299,274,25,1.04
0.44,0.83,0.78,0,0,0,0,0,8.263848131368906,3,0.9886,1,3.1,1.5,0,0.0,0,0.36519999999999997,0.8,0.0908,0,43270,Esophageal dilation,GI,Molina Healthcare,Medicaid,3880,3528,352,0.9886
0.44,0.59,0.65,0,0,0,0,0,7.115582126184454,2,0.625,1,1.5,0.8,0,0.0,0,0.2596,0.8,0.0521,0,43270,Esophageal dilation,GI,Anthem/Elevance,MA,1230,1166,64,0.625
0.44,0.38,0.65,0,0,0,0,0,6.4457198193855785,1,0.9091,1,1.0,0.4,0,0.0,0,0.16720000000000002,0.8,0.036,0,43270,Esophageal dilation,GI,Kaiser Permanente,MA,629,607,22,0.9091
0.44,0.56,0.65,0,0,0,0,0,8.736489351001554,3,0.8803,1,2.3,0.7,0,0.0,0,0.24640000000000004,0.8,0.0496,0,43270,Esophageal dilation,GI,BCBS Plans,MA,6225,5916,309,0.8803
0.44,0.7,0.61,0,0,0,0,0,7.236339342754344,2,0.5765,1,3.2,0.7,0,0.0,0,0.308,0.8,0.0618,0,43270,Esophageal dilation,GI,Oscar Health,ACA,1388,1303,85,0.5765
0.71,0.72,0.65,0,0,0,0,0,7.099201743553092,2,0.8926,1,2.9,0.8,0,0.0,0,0.5112,0.8,0.1,0,95810,Polysomnography,Sleep,UnitedHealthcare,MA,1210,1089,121,0.8926
0.71,0.61,0.65,0,0,0,0,0,8.278682162970906,3,0.7152,1,2.1,0.8,0,0.0,0,0.4331,0.8,0.0786,0,95810,Polysomnography,Sleep,Humana,MA,3938,3629,309,0.7152
0.71,0.74,0.65,0,0,0,0,0,6.466144724237619,1,0.86,1,2.2,0.7,0,0.0,0,0.5254,0.8,0.0787,0,95810,Polysomnography,Sleep,CVS/Aetna,MA,642,592,50,0.86
0.71,0.68,0.65,0,0,0,0,0,8.744169388750624,3,0.6615,1,2.0,0.7,0,0.0,0,0.4828,0.8,0.0721,0,95810,Polysomnography,Sleep,Cigna,MA,6273,5821,452,0.6615
0.71,0.79,0.65,0,0,0,0,0,6.9584483932976555,1,0.8404,1,2.4,1.3,0,0.0,0,0.5609,0.8,0.0904,0,95810,Polysomnography,Sleep,Centene/WellCare,MA,1051,957,94,0.8404
0.71,0.83,0.78,0,0,0,0,0,7.2813856635702825,2,0.5723,1,3.3,1.5,0,0.0,0,0.5892999999999999,0.8,0.1101,0,95810,Polysomnography,Sleep,Molina Healthcare,Medicaid,1452,1293,159,0.5723
0.71,0.59,0.65,0,0,0,0,0,6.9411900550683745,1,0.6081,1,2.5,0.6,0,0.0,0,0.41889999999999994,0.8,0.0726,0,95810,Polysomnography,Sleep,Anthem/Elevance,MA,1033,959,74,0.6081
0.71,0.38,0.65,0,0,0,0,0,7.80994708647679,3,0.8231,1,1.4,0.5,0,0.0,0,0.2698,0.8,0.053,0,95810,Polysomnography,Sleep,Kaiser Permanente,MA,2464,2334,130,0.8231
0.71,0.56,0.65,0,0,0,0,0,6.236369590203704,1,0.6,1,2.2,0.6,0,0.0,0,0.3976,0.8,0.0595,0,95810,Polysomnography,Sleep,BCBS Plans,MA,510,480,30,0.6
0.71,0.7,0.61,0,0,0,0,0,6.363028103540465,1,0.9512,1,3.2,1.2,0,0.0,0,0.49699999999999994,0.8,0.0722,0,95810,Polysomnography,Sleep,Oscar Health,ACA,579,538,41,0.9512
0.38,0.72,0.65,0,0,0,0,0,8.704668113450987,3,0.7333,1,2.7,0.7,0,0.0,0,0.2736,0.8,0.0324,0,97110,Therapeutic exercise,PT,UnitedHealthcare,MA,6030,5835,195,0.7333
0.38,0.61,0.65,0,0,0,0,0,6.315358001522335,1,0.9167,1,2.2,0.8,0,0.0,0,0.2318,0.8,0.0231,0,97110,Therapeutic exercise,PT,Humana,MA,552,540,12,0.9167
0.38,0.74,0.65,0,0,0,0,0,6.26530121273771,1,1.125,1,3.0,1.1,0,0.0,0,0.2812,0.8,0.0312,0,97110,Therapeutic exercise,PT,CVS/Aetna,MA,525,509,16,1.125
0.38,0.68,0.65,0,0,0,0,0,6.535241271013659,1,0.9444,1,1.7,0.8,0,0.0,0,0.2584,0.8,0.0273,0,97110,Therapeutic exercise,PT,Cigna,MA,688,670,18,0.9444
0.38,0.79,0.65,0,0,0,0,0,5.3471075307174685,0,0.8571,1,2.2,0.9,0,0.0,0,0.3002,0.8,0.0346,0,97110,Therapeutic exercise,PT,Centene/WellCare,MA,209,202,7,0.8571
0.38,0.83,0.78,0,0,0,0,0,6.124683390894205,0,0.6875,1,4.1,1.2,0,0.0,0,0.3154,0.8,0.037,0,97110,Therapeutic exercise,PT,Molina Healthcare,Medicaid,456,440,16,0.6875
0.38,0.59,0.65,0,0,0,0,0,10.032320424379096,3,0.8449,1,2.2,0.7,0,0.0,0,0.22419999999999998,0.8,0.0267,0,97110,Therapeutic exercise,PT,Anthem/Elevance,MA,22749,22143,606,0.8449
0.38,0.38,0.65,0,0,0,0,0,6.363028103540465,1,1.125,1,1.5,0.5,0,0.0,0,0.1444,0.8,0.0151,0,97110,Therapeutic exercise,PT,Kaiser Permanente,MA,579,571,8,1.125
0.38,0.56,0.65,0,0,0,0,0,7.984803389734406,3,1.029,1,2.0,0.8,0,0.0,0,0.21280000000000002,0.8,0.0238,0,97110,Therapeutic exercise,PT,BCBS Plans,MA,2935,2866,69,1.029
0.38,0.7,0.61,0,0,0,0,0,7.60887062919126,2,1.1346,1,3.2,0.7,0,0.0,0,0.26599999999999996,0.8,0.0259,0,97110,Therapeutic exercise,PT,Oscar Health,ACA,2015,1963,52,1.1346
0.4,0.72,0.65,0,0,0,0,0,6.8001700683022,1,1.0357,1,1.9,1.0,0,0.0,0,0.288,0.8,0.0323,0,97530,Therapeutic activities,OT,UnitedHealthcare,MA,897,869,28,1.0357
0.4,0.61,0.65,0,0,0,0,0,7.176254532017144,2,0.9,1,1.5,0.7,0,0.0,0,0.244,0.8,0.0308,0,97530,Therapeutic activities,OT,Humana,MA,1307,1267,40,0.9
0.4,0.74,0.65,0,0,0,0,0,7.22983877815125,2,0.7727,1,2.7,0.9,0,0.0,0,0.296,0.8,0.0322,0,97530,Therapeutic activities,OT,CVS/Aetna,MA,1379,1335,44,0.7727
0.4,0.68,0.65,0,0,0,0,0,7.05617528410041,2,0.6944,1,2.5,0.8,0,0.0,0,0.272,0.8,0.0314,0,97530,Therapeutic activities,OT,Cigna,MA,1159,1123,36,0.6944
0.4,0.79,0.65,0,0,0,0,0,6.88653164253051,1,1.1389,1,2.2,1.3,0,0.0,0,0.31600000000000006,0.8,0.0374,0,97530,Therapeutic activities,OT,Centene/WellCare,MA,978,942,36,1.1389
0.4,0.83,0.78,0,0,0,0,0,7.334981878871814,2,0.6667,1,3.0,1.4,0,0.0,0,0.332,0.8,0.0412,0,97530,Therapeutic activities,OT,Molina Healthcare,Medicaid,1532,1469,63,0.6667
0.4,0.59,0.65,0,0,0,0,0,7.160069207596127,2,0.9697,1,1.5,0.9,0,0.0,0,0.236,0.8,0.0258,0,97530,Therapeutic activities,OT,Anthem/Elevance,MA,1286,1253,33,0.9697
0.4,0.38,0.65,0,0,0,0,0,6.161207321695077,0,1.1111,1,1.5,0.4,0,0.0,0,0.15200000000000002,0.8,0.0206,0,97530,Therapeutic activities,OT,Kaiser Permanente,MA,473,464,9,1.1111
0.4,0.56,0.65,0,0,0,0,0,8.878636747430072,3,0.8889,1,1.6,0.9,0,0.0,0,0.22400000000000003,0.8,0.0264,0,97530,Therapeutic activities,OT,BCBS Plans,MA,7176,6987,189,0.8889
0.4,0.7,0.61,0,0,0,0,0,6.921658184151129,1,0.871,1,2.2,1.1,0,0.0,0,0.27999999999999997,0.8,0.0313,0,97530,Therapeutic activities,OT,Oscar Health,ACA,1013,982,31,0.871
0.88,0.72,0.65,1,1,0,0,1,5.7745515455444085,0,0.7576,1,2.5,0.7,0,0.72,0,0.6335999999999999,0.8,0.1041,0,J9355,Trastuzumab injection,Oncology,UnitedHealthcare,MA,321,288,33,0.7576
0.88,0.61,0.65,1,1,0,0,1,7.850103545175582,3,0.5579,1,2.0,1.0,0,0.61,0,0.5367999999999999,0.8,0.1113,0,J9355,Trastuzumab injection,Oncology,Humana,MA,2565,2280,285,0.5579
0.88,0.74,0.65,1,1,0,0,1,9.21602418844448,3,0.6131,1,3.2,0.9,0,0.74,0,0.6512,0.8,0.1052,0,J9355,Trastuzumab injection,Oncology,CVS/Aetna,MA,10056,8999,1057,0.6131
0.88,0.68,0.65,1,1,0,0,1,5.717027701406222,0,0.5882,1,1.9,0.6,0,0.68,0,0.5984,0.8,0.1135,0,J9355,Trastuzumab injection,Oncology,Cigna,MA,303,269,34,0.5882
0.88,0.79,0.65,1,1,0,0,1,5.501258210544727,0,0.6765,1,3.6,0.8,0,0.79,0,0.6952,0.8,0.1398,0,J9355,Trastuzumab injection,Oncology,Centene/WellCare,MA,244,210,34,0.6765
0.88,0.83,0.78,1,1,0,0,1,8.732627099660395,3,0.8277,1,3.9,1.5,0,0.83,0,0.7303999999999999,0.8,0.1516,0,J9355,Trastuzumab injection,Oncology,Molina Healthcare,Medicaid,6201,5261,940,0.8277
0.88,0.59,0.65,1,1,0,0,1,7.771488760117616,3,0.5075,1,2.4,0.8,0,0.59,0,0.5192,0.8,0.084,0,J9355,Trastuzumab injection,Oncology,Anthem/Elevance,MA,2371,2172,199,0.5075
0.88,0.38,0.65,1,1,0,0,1,8.595079730073309,3,0.7,1,1.0,0.4,0,0.38,0,0.33440000000000003,0.8,0.0686,0,J9355,Trastuzumab injection,Oncology,Kaiser Permanente,MA,5404,5034,370,0.7
0.88,0.56,0.65,1,1,0,0,1,6.1903154058531475,1,0.6842,1,1.4,0.7,0,0.56,0,0.49280000000000007,0.8,0.0796,0,J9355,Trastuzumab injection,Oncology,BCBS Plans,MA,487,449,38,0.6842
0.88,0.7,0.61,1,1,0,0,1,9.161150127785412,3,0.8367,1,2.4,0.9,0,0.7,0,0.616,0.8,0.1042,0,J9355,Trastuzumab injection,Oncology,Oscar Health,ACA,9519,8527,992,0.8367
0.88,0.72,0.65,1,1,0,0,1,6.45833828334479,1,0.5833,1,2.6,1.0,0,0.72,0,0.6335999999999999,0.8,0.1331,0,J9306,Pembrolizumab injection,Oncology,UnitedHealthcare,MA,637,553,84,0.5833
0.88,0.61,0.65,1,1,0,0,1,4.0943445622221,0,0.3333,0,2.1,0.6,0,0.61,0,0.5367999999999999,0.8,0.1153,0,J9306,Pembrolizumab injection,Oncology,Humana,MA,59,53,6,0.3333
0.88,0.74,0.65,1,1,0,0,1,6.9957661563048505,1,0.7444,1,2.6,0.6,0,0.74,0,0.6512,0.8,0.122,0,J9306,Pembrolizumab injection,Oncology,CVS/Aetna,MA,1091,958,133,0.7444
0.88,0.68,0.65,1,1,0,0,1,5.6131281063880705,0,0.6429,1,1.7,0.7,0,0.68,0,0.5984,0.8,0.1045,0,J9306,Pembrolizumab injection,Oncology,Cigna,MA,273,245,28,0.6429
0.88,0.79,0.65,1,1,0,0,1,5.799092654460526,0,0.7333,1,3.3,0.9,0,0.79,0,0.6952,0.8,0.1396,0,J9306,Pembrolizumab injection,Oncology,Centene/WellCare,MA,329,284,45,0.7333
0.88,0.83,0.78,1,1,0,0,1,6.663132695990803,1,0.5096,1,3.7,1.4,0,0.83,0,0.7303999999999999,0.8,0.1334,0,J9306,Pembrolizumab injection,Oncology,Molina Healthcare,Medicaid,782,678,104,0.5096
0.88,0.59,0.65,1,1,0,0,1,7.071573364211532,2,0.8125,1,2.2,0.9,0,0.59,0,0.5192,0.8,0.109,0,J9306,Pembrolizumab injection,Oncology,Anthem/Elevance,MA,1177,1049,128,0.8125
0.88,0.38,0.65,1,1,0,0,1,6.22455842927536,1,0.7812,1,1.0,0.6,0,0.38,0,0.33440000000000003,0.8,0.0651,0,J9306,Pembrolizumab injection,Oncology,Kaiser Permanente,MA,504,472,32,0.7812
0.88,0.56,0.65,1,1,0,0,1,8.580918882296782,3,0.7269,1,1.9,0.8,0,0.56,0,0.49280000000000007,0.8,0.0936,0,J9306,Pembrolizumab injection,Oncology,BCBS Plans,MA,5328,4830,498,0.7269
0.88,0.7,0.61,1,1,0,0,1,7.237778191923443,2,0.4898,1,2.3,0.8,0,0.7,0,0.616,0.8,0.1063,0,J9306,Pembrolizumab injection,Oncology,Oscar Health,ACA,1390,1243,147,0.4898
0.79,0.72,0.65,0,1,1,0,0,6.616065185132817,1,0.5,1,1.9,1.0,0,0.0,1,0.5688,0.8,0.1826,0,0202T,Insertion spinal cord stimulator,Pain Mgmt,UnitedHealthcare,MA,746,610,136,0.5
0.79,0.61,0.65,0,1,1,0,0,7.509335266016592,2,0.5578,1,2.2,0.9,0,0.0,1,0.4819,0.8,0.1379,0,0202T,Insertion spinal cord stimulator,Pain Mgmt,Humana,MA,1824,1573,251,0.5578
0.79,0.74,0.65,0,1,1,0,0,7.045776576879511,2,0.6184,1,1.9,0.7,0,0.0,1,0.5846,0.8,0.1326,0,0202T,Insertion spinal cord stimulator,Pain Mgmt,CVS/Aetna,MA,1147,995,152,0.6184
0.79,0.68,0.65,0,1,1,0,0,7.144407180321139,2,0.5437,1,2.6,0.9,0,0.0,1,0.5372,0.8,0.1264,0,0202T,Insertion spinal cord stimulator,Pain Mgmt,Cigna,MA,1266,1106,160,0.5437
0.79,0.79,0.65,0,1,1,0,0,6.421622267806518,1,0.5152,1,3.6,0.8,0,0.0,1,0.6241000000000001,0.8,0.1614,0,0202T,Insertion spinal cord stimulator,Pain Mgmt,Centene/WellCare,MA,614,515,99,0.5152
0.79,0.83,0.78,0,1,1,0,0,8.888894669371593,3,0.5858,1,3.3,1.4,0,0.0,0,0.6557,0.8,0.2035,0,0202T,Insertion spinal cord stimulator,Pain Mgmt,Molina Healthcare,Medicaid,7250,5775,1475,0.5858
0.79,0.59,0.65,0,1,1,0,0,8.294549515143679,3,0.5335,1,1.7,0.8,0,0.0,1,0.4661,0.8,0.1422,0,0202T,Insertion spinal cord stimulator,Pain Mgmt,Anthem/Elevance,MA,4001,3433,568,0.5335
0.79,0.38,0.65,0,1,1,0,0,6.954638864880987,1,0.4545,1,1.4,0.5,0,0.0,1,0.3002,0.8,0.0951,0,0202T,Insertion spinal cord stimulator,Pain Mgmt,Kaiser Permanente,MA,1047,948,99,0.4545
0.79,0.56,0.65,0,1,1,0,0,6.249975242259483,1,0.6875,1,1.5,0.6,0,0.0,1,0.44240000000000007,0.8,0.1251,0,0202T,Insertion spinal cord stimulator,Pain Mgmt,BCBS Plans,MA,517,453,64,0.6875
0.79,0.7,0.61,0,1,1,0,0,7.475339236566737,2,0.4503,1,3.2,1.0,0,0.0,0,0.5529999999999999,0.8,0.1717,0,0202T,Insertion spinal cord stimulator,Pain Mgmt,Oscar Health,ACA,1763,1461,302,0.4503
0.85,0.72,0.65,0,1,1,0,0,7.652545692693921,2,0.5137,1,2.1,0.9,0,0.0,1,0.612,0.8,0.1739,0,43644,Bariatric surgery laparoscopic,Surgery,UnitedHealthcare,MA,2105,1739,366,0.5137
0.85,0.61,0.65,0,1,1,0,0,6.555356891810665,1,0.4725,1,2.6,0.6,0,0.0,1,0.5185,0.8,0.1309,0,43644,Bariatric surgery laparoscopic,Surgery,Humana,MA,702,611,91,0.4725
0.85,0.74,0.65,0,1,1,0,0,5.44673737166631,0,0.375,0,3.2,0.9,0,0.0,1,0.629,0.8,0.1744,0,43644,Bariatric surgery laparoscopic,Surgery,CVS/Aetna,MA,231,191,40,0.375
0.85,0.68,0.65,0,1,1,0,0,8.393216011596527,3,0.3785,0,1.8,0.8,0,0.0,1,0.5780000000000001,0.8,0.1389,0,43644,Bariatric surgery laparoscopic,Surgery,Cigna,MA,4416,3803,613,0.3785
0.85,0.79,0.65,0,1,1,0,0,8.195609567288775,3,0.4322,1,3.0,1.2,0,0.0,1,0.6715,0.8,0.1833,0,43644,Bariatric surgery laparoscopic,Surgery,Centene/WellCare,MA,3624,2960,664,0.4322
0.85,0.83,0.78,0,1,1,0,0,6.408528791059498,1,0.4,0,2.5,1.4,0,0.0,0,0.7054999999999999,0.8,0.1825,0,43644,Bariatric surgery laparoscopic,Surgery,Molina Healthcare,Medicaid,606,496,110,0.4
0.85,0.59,0.65,0,1,1,0,0,6.61472560020376,1,0.6,1,2.1,0.9,0,0.0,1,0.5015,0.8,0.1549,0,43644,Bariatric surgery laparoscopic,Surgery,Anthem/Elevance,MA,745,630,115,0.6
0.85,0.38,0.65,0,1,1,0,0,9.492130118723125,3,0.3908,0,1.2,0.4,0,0.0,1,0.323,0.8,0.0853,0,43644,Bariatric surgery laparoscopic,Surgery,Kaiser Permanente,MA,13254,12123,1131,0.3908
0.85,0.56,0.65,0,1,1,0,0,7.873217054862741,3,0.3912,0,1.8,0.9,0,0.0,1,0.47600000000000003,0.8,0.112,0,43644,Bariatric surgery laparoscopic,Surgery,BCBS Plans,MA,2625,2331,294,0.3912
0.85,0.7,0.61,0,1,1,0,0,7.0630481633881725,2,0.5082,1,2.0,0.8,0,0.0,0,0.595,0.8,0.1572,0,43644,Bariatric surgery laparoscopic,Surgery,Oscar Health,ACA,1167,984,183,0.5082
0.61,0.72,0.65,0,0,0,0,0,8.099857910737585,3,0.7844,1,2.3,0.9,0,0.0,0,0.4392,0.8,0.0973,0,33249,ICD insertion,Cardiology,UnitedHealthcare,MA,3293,2973,320,0.7844
0.61,0.61,0.65,0,0,0,0,0,7.416378479192928,2,0.5583,1,1.9,0.9,0,0.0,0,0.3721,0.8,0.0724,0,33249,ICD insertion,Cardiology,Humana,MA,1662,1542,120,0.5583
0.61,0.74,0.65,0,0,0,0,0,7.7354333524996886,3,0.5897,1,2.8,0.9,0,0.0,0,0.45139999999999997,0.8,0.1026,0,33249,ICD insertion,Cardiology,CVS/Aetna,MA,2287,2053,234,0.5897
0.61,0.68,0.65,0,0,0,0,0,5.736572297479192,0,0.6071,1,2.4,1.0,0,0.0,0,0.4148,0.8,0.0934,0,33249,ICD insertion,Cardiology,Cigna,MA,309,281,28,0.6071
0.61,0.79,0.65,0,0,0,0,0,7.1808311990445555,2,0.8309,1,3.4,1.1,0,0.0,0,0.4819,0.8,0.1043,0,33249,ICD insertion,Cardiology,Centene/WellCare,MA,1313,1177,136,0.8309
0.61,0.83,0.78,0,0,0,0,0,7.438383530044307,2,0.9758,1,3.8,1.4,0,0.0,0,0.5063,0.8,0.0972,0,33249,ICD insertion,Cardiology,Molina Healthcare,Medicaid,1699,1534,165,0.9758
0.61,0.59,0.65,0,0,0,0,0,7.766840537085513,3,0.8483,1,1.6,0.8,0,0.0,0,0.3599,0.8,0.0758,0,33249,ICD insertion,Cardiology,Anthem/Elevance,MA,2360,2182,178,0.8483
0.61,0.38,0.65,0,0,0,0,0,5.631211781821365,0,0.5625,1,1.7,0.5,0,0.0,0,0.2318,0.8,0.06,0,33249,ICD insertion,Cardiology,Kaiser Permanente,MA,278,262,16,0.5625
0.61,0.56,0.65,0,0,0,0,0,7.385851078125209,2,0.8908,1,2.3,0.6,0,0.0,0,0.3416,0.8,0.074,0,33249,ICD insertion,Cardiology,BCBS Plans,MA,1612,1493,119,0.8908
0.61,0.7,0.61,0,0,0,0,0,7.506591780070841,2,0.8562,1,3.1,1.1,0,0.0,0,0.427,0.8,0.088,0,33249,ICD insertion,Cardiology,Oscar Health,ACA,1819,1659,160,0.8562
0.61,0.72,0.65,0,0,0,0,0,6.643789733147672,1,0.6452,1,2.4,0.6,0,0.0,0,0.4392,0.8,0.0819,0,92928,Coronary artery stent,Cardiology,UnitedHealthcare,MA,767,705,62,0.6452
0.61,0.61,0.65,0,0,0,0,0,8.65084957622891,3,0.7718,1,2.0,0.8,0,0.0,0,0.3721,0.8,0.0584,0,92928,Coronary artery stent,Cardiology,Humana,MA,5714,5381,333,0.7718
0.61,0.74,0.65,0,0,0,0,0,5.811140992976701,0,0.75,1,2.2,0.7,0,0.0,0,0.45139999999999997,0.8,0.0628,0,92928,Coronary artery stent,Cardiology,CVS/Aetna,MA,333,313,20,0.75
0.61,0.68,0.65,0,0,0,0,0,4.418840607796598,0,0.8,1,2.3,0.8,0,0.0,0,0.4148,0.8,0.0658,0,92928,Coronary artery stent,Cardiology,Cigna,MA,82,77,5,0.8
0.61,0.79,0.65,0,0,0,0,0,8.178358165605836,3,0.8269,1,2.1,0.9,0,0.0,0,0.4819,0.8,0.0797,0,92928,Coronary artery stent,Cardiology,Centene/WellCare,MA,3562,3279,283,0.8269
0.61,0.83,0.78,0,0,0,0,0,6.610696044717759,1,0.7869,1,3.6,1.3,0,0.0,0,0.5063,0.8,0.0827,0,92928,Coronary artery stent,Cardiology,Molina Healthcare,Medicaid,742,681,61,0.7869
0.61,0.59,0.65,0,0,0,0,0,8.661293535389994,3,0.9493,1,2.5,0.5,0,0.0,0,0.3599,0.8,0.065,0,92928,Coronary artery stent,Cardiology,Anthem/Elevance,MA,5774,5399,375,0.9493
0.61,0.38,0.65,0,0,0,0,0,7.67693714581808,3,0.5844,1,1.4,0.6,0,0.0,0,0.2318,0.8,0.036,0,92928,Coronary artery stent,Cardiology,Kaiser Permanente,MA,2157,2080,77,0.5844
0.61,0.56,0.65,0,0,0,0,0,7.1252830915107115,2,1.0508,1,1.7,0.5,0,0.0,0,0.3416,0.8,0.0477,0,92928,Coronary artery stent,Cardiology,BCBS Plans,MA,1242,1183,59,1.0508
0.61,0.7,0.61,0,0,0,0,0,6.925595197110468,1,0.7042,1,2.3,0.8,0,0.0,0,0.427,0.8,0.0701,0,92928,Coronary artery stent,Cardiology,Oscar Health,ACA,1017,946,71,0.7042
0.85,0.72,0.65,0,0,1,0,0,7.215975002651466,2,0.7762,1,2.6,0.7,0,0.0,1,0.612,0.8,0.1058,0,43282,Paraesophageal hernia repair,Surgery,UnitedHealthcare,MA,1360,1217,143,0.7762
0.85,0.61,0.65,0,0,1,0,0,8.670429167315095,3,0.563,1,1.7,0.8,0,0.0,1,0.5185,0.8,0.09,0,43282,Paraesophageal hernia repair,Surgery,Humana,MA,5827,5303,524,0.563
0.85,0.74,0.65,0,0,1,0,0,7.126890808898808,2,0.5556,1,2.6,0.8,0,0.0,1,0.629,0.8,0.1087,0,43282,Paraesophageal hernia repair,Surgery,CVS/Aetna,MA,1244,1109,135,0.5556
0.85,0.68,0.65,0,0,1,0,0,5.402677381872279,0,0.7083,1,2.6,0.8,0,0.0,1,0.5780000000000001,0.8,0.109,0,43282,Paraesophageal hernia repair,Surgery,Cigna,MA,221,197,24,0.7083
0.85,0.79,0.65,0,0,1,0,0,7.150701457592526,2,0.7719,1,3.4,1.3,0,0.0,1,0.6715,0.8,0.1349,0,43282,Paraesophageal hernia repair,Surgery,Centene/WellCare,MA,1274,1103,171,0.7719
0.85,0.83,0.78,0,0,1,0,0,6.486160788944089,1,0.5974,1,3.6,1.2,0,0.0,0,0.7054999999999999,0.8,0.1182,0,43282,Paraesophageal hernia repair,Surgery,Molina Healthcare,Medicaid,655,578,77,0.5974
0.85,0.59,0.65,0,0,1,0,0,5.5093883366279774,0,0.6087,1,2.3,0.7,0,0.0,1,0.5015,0.8,0.0966,0,43282,Paraesophageal hernia repair,Surgery,Anthem/Elevance,MA,246,223,23,0.6087
0.85,0.38,0.65,0,0,1,0,0,6.169610732491456,0,0.5517,1,1.4,0.5,0,0.0,1,0.323,0.8,0.0624,0,43282,Paraesophageal hernia repair,Surgery,Kaiser Permanente,MA,477,448,29,0.5517
0.85,0.56,0.65,0,0,1,0,0,5.575949103146316,0,0.8696,1,1.6,0.5,0,0.0,1,0.47600000000000003,0.8,0.0884,0,43282,Paraesophageal hernia repair,Surgery,BCBS Plans,MA,263,240,23,0.8696
0.85,0.7,0.61,0,0,1,0,0,7.372118028337787,2,0.7902,1,2.8,1.0,0,0.0,0,0.595,0.8,0.0905,0,43282,Paraesophageal hernia repair,Surgery,Oscar Health,ACA,1590,1447,143,0.7902
